id,Carbon_Footprint
680,115.0171427
1102,115.0171427
394,115.0171427
930,115.0171427
497,115.0171427
462,115.0171427
950,115.0171427
81,115.0171427
43,115.0171427
128,115.0171427
1170,115.0171427
743,115.0171427
513,115.0171427
461,115.0171427
1167,115.0171427
1239,115.0171427
1050,115.0171427
945,115.0171427
1043,115.0171427
1139,115.0171427
209,115.0171427
942,115.0171427
1118,115.0171427
778,115.0171427
270,115.0171427
618,115.0171427
243,115.0171427
628,115.0171427
1210,115.0171427
1066,115.0171427
708,115.0171427
876,115.0171427
650,115.0171427
170,115.0171427
894,115.0171427
1147,115.0171427
424,115.0171427
762,115.0171427
174,115.0171427
813,115.0171427
409,115.0171427
964,115.0171427
1156,115.0171427
522,115.0171427
427,115.0171427
435,115.0171427
622,115.0171427
809,115.0171427
1211,115.0171427
1178,115.0171427
760,115.0171427
745,115.0171427
1149,115.0171427
49,115.0171427
570,115.0171427
296,115.0171427
575,115.0171427
413,115.0171427
994,115.0171427
363,115.0171427
967,115.0171427
78,115.0171427
63,115.0171427
438,115.0171427
560,115.0171427
1177,115.0171427
935,115.0171427
294,115.0171427
1158,115.0171427
76,115.0171427
543,115.0171427
519,115.0171427
1237,115.0171427
865,115.0171427
218,115.0171427
1121,115.0171427
285,115.0171427
952,115.0171427
717,115.0171427
464,115.0171427
787,115.0171427
168,115.0171427
44,115.0171427
803,115.0171427
309,115.0171427
1197,115.0171427
31,115.0171427
890,115.0171427
1085,115.0171427
554,115.0171427
123,115.0171427
86,115.0171427
390,115.0171427
578,115.0171427
561,115.0171427
101,115.0171427
423,115.0171427
344,115.0171427
451,115.0171427
327,115.0171427
732,115.0171427
1185,115.0171427
290,115.0171427
629,115.0171427
937,115.0171427
113,115.0171427
549,115.0171427
558,115.0171427
630,115.0171427
1092,115.0171427
1148,115.0171427
916,115.0171427
155,115.0171427
982,115.0171427
231,115.0171427
1240,115.0171427
881,115.0171427
51,115.0171427
70,115.0171427
240,115.0171427
23,115.0171427
613,115.0171427
584,115.0171427
405,115.0171427
107,115.0171427
58,115.0171427
1213,115.0171427
953,115.0171427
980,115.0171427
1110,115.0171427
220,115.0171427
731,115.0171427
823,115.0171427
910,115.0171427
721,115.0171427
695,115.0171427
968,115.0171427
624,115.0171427
367,115.0171427
977,115.0171427
536,115.0171427
192,115.0171427
54,115.0171427
535,115.0171427
661,115.0171427
56,115.0171427
109,115.0171427
298,115.0171427
289,115.0171427
566,115.0171427
1140,115.0171427
479,115.0171427
352,115.0171427
885,115.0171427
333,115.0171427
666,115.0171427
552,115.0171427
770,115.0171427
621,115.0171427
836,115.0171427
453,115.0171427
506,115.0171427
411,115.0171427
538,115.0171427
1087,115.0171427
858,115.0171427
590,115.0171427
198,115.0171427
1183,115.0171427
277,115.0171427
196,115.0171427
486,115.0171427
342,115.0171427
210,115.0171427
308,115.0171427
774,115.0171427
442,115.0171427
1164,115.0171427
1143,115.0171427
259,115.0171427
477,115.0171427
312,115.0171427
247,115.0171427
1032,115.0171427
10,115.0171427
147,115.0171427
993,115.0171427
998,115.0171427
485,115.0171427
425,115.0171427
331,115.0171427
275,115.0171427
752,115.0171427
1135,115.0171427
727,115.0171427
420,115.0171427
1070,115.0171427
467,115.0171427
371,115.0171427
208,115.0171427
812,115.0171427
707,115.0171427
135,115.0171427
365,115.0171427
999,115.0171427
961,115.0171427
355,115.0171427
626,115.0171427
788,115.0171427
158,115.0171427
140,115.0171427
579,115.0171427
465,115.0171427
254,115.0171427
679,115.0171427
1083,115.0171427
832,115.0171427
297,115.0171427
65,115.0171427
777,115.0171427
841,115.0171427
864,115.0171427
478,115.0171427
676,115.0171427
96,115.0171427
184,115.0171427
286,115.0171427
233,115.0171427
163,115.0171427
1146,115.0171427
380,115.0171427
221,115.0171427
1015,115.0171427
156,115.0171427
739,115.0171427
1010,115.0171427
1106,115.0171427
265,115.0171427
199,115.0171427
244,115.0171427
1019,115.0171427
529,115.0171427
918,115.0171427
346,115.0171427
415,115.0171427
382,115.0171427
678,115.0171427
1002,115.0171427
361,115.0171427
490,115.0171427
1194,115.0171427
911,115.0171427
422,115.0171427
670,115.0171427
931,115.0171427
970,115.0171427
1033,115.0171427
1069,115.0171427
1191,115.0171427
553,115.0171427
892,115.0171427
178,115.0171427
715,115.0171427
934,115.0171427
532,115.0171427
358,115.0171427
901,115.0171427
88,115.0171427
673,115.0171427
328,115.0171427
1144,115.0171427
1103,115.0171427
665,115.0171427
617,115.0171427
1182,115.0171427
332,115.0171427
266,115.0171427
59,115.0171427
306,115.0171427
785,115.0171427
711,115.0171427
1030,115.0171427
634,115.0171427
493,115.0171427
808,115.0171427
947,115.0171427
303,115.0171427
710,115.0171427
381,115.0171427
597,115.0171427
83,115.0171427
129,115.0171427
672,115.0171427
1009,115.0171427
979,115.0171427
814,115.0171427
260,115.0171427
771,115.0171427
589,115.0171427
1136,115.0171427
754,115.0171427
138,115.0171427
292,115.0171427
1005,115.0171427
141,115.0171427
591,115.0171427
447,115.0171427
872,115.0171427
139,115.0171427
759,115.0171427
912,115.0171427
224,115.0171427
781,115.0171427
274,115.0171427
323,115.0171427
667,115.0171427
377,115.0171427
620,115.0171427
900,115.0171427
1075,115.0171427
668,115.0171427
722,115.0171427
987,115.0171427
534,115.0171427
1053,115.0171427
1235,115.0171427
798,115.0171427
1052,115.0171427
321,115.0171427
802,115.0171427
736,115.0171427
914,115.0171427
350,115.0171427
39,115.0171427
30,115.0171427
242,115.0171427
1035,115.0171427
136,115.0171427
310,115.0171427
1041,115.0171427
1232,115.0171427
1101,115.0171427
1241,115.0171427
3,115.0171427
111,115.0171427
651,115.0171427
1077,115.0171427
1065,115.0171427
971,115.0171427
1234,115.0171427
944,115.0171427
314,115.0171427
997,115.0171427
319,115.0171427
1112,115.0171427
605,115.0171427
5,115.0171427
100,115.0171427
886,115.0171427
551,115.0171427
644,115.0171427
879,115.0171427
1042,115.0171427
1096,115.0171427
705,115.0171427
227,115.0171427
701,115.0171427
889,115.0171427
692,115.0171427
1202,115.0171427
66,115.0171427
67,115.0171427
376,115.0171427
211,115.0171427
12,115.0171427
